{"cameraMode":{"drawMode":0,"name":"Shaded","section":"Shading Mode"},"sceneLighting":false,"audioPlay":false,"sceneViewState":{"showFog":true,"showMaterialUpdate":false,"showSkybox":true,"showFlares":true,"showImageEffects":true,"showParticleSystems":true},"in2DMode":false,"pivot":{"x":-0.08773539215326309,"y":13.82331657409668,"z":-3.3992111682891847},"rotation":{"x":-0.08166205137968064,"y":0.7114376425743103,"z":-0.08384551107883454,"w":-0.6929341554641724},"size":58.008583068847659,"orthographic":false}